flight_id,dist,runtime
AAL203_704,3315.9057593616103,1.7043182849884033
AAL221_700,4319.284882656728,2.009157180786133
ACA809_712,3259.1270420798573,1.6273596286773682
AEA1094_022,879.9280233233712,0.9133255481719971
AEA70UZ_010,818.4200481766378,1.0011441707611084
AEE625_154,1235.7793915116943,0.9963245391845703
AFR13HK_031,247.83515513297087,0.7792105674743652
AFR17KP_039,235.1218775903154,0.7065489292144775
AFR1807_032,581.9406293028393,0.7549521923065186
AFR26SL_033,558.336173555755,0.7696793079376221
AFR31AX_029,251.58220095266623,0.7237377166748047
AFR32LH_030,245.60385652538497,0.7369742393493652
AFR34JN_034,568.3330992029415,0.7803587913513184
AFR78HQ_035,240.05401267553466,0.6833209991455078
AFR97NP_040,247.84720544420372,0.6874456405639648
AIA6769_037,277.6820178730185,0.7883803844451904
AIA6775_038,313.8650281166347,0.7695834636688232
AMC395_637,1099.6348646340377,0.9747374057769775
AMX026_672,586.1241980808675,0.8127806186676025
ASL20K_608,750.4029176101603,0.9080417156219482
AUA34F_136,561.0402538820701,0.7451169490814209
AUA372A_105,539.8836490446222,0.7444062232971191
AUA3NA_106,545.1833934880598,0.750603199005127
AUA3SV_104,553.7568131959094,0.7269566059112549
BAW2AM_068,250.2190409335734,0.7820854187011719
BAW3AM_067,208.603834113635,0.7756218910217285
BAW41HA_070,215.70028300445566,0.7394044399261475
BAW41R_093,248.75889619513563,0.6835227012634277
BAW439M_069,223.18585991971673,0.7207810878753662
BAW43HA_092,220.5068279491269,0.7587988376617432
BAW43XP_071,214.21374229117387,0.8230116367340088
BCS1491_055,284.53929471862,0.687554121017456
BCS38L_150,266.6365059932128,0.7472610473632812
BCS5GU_624,301.52297753155074,0.743415355682373
BCS6725_054,870.7160751016999,0.8407435417175293
BTI62D_645,704.3552345208834,0.8688967227935791
BTI6RZ_641,706.9809601693574,0.7841513156890869
BTI8KY_647,756.4362047647336,0.8393466472625732
BTI9UG_644,798.6259421864377,0.9077012538909912
CAI13RY_607,1338.0963407389422,1.0683560371398926
CAL5546_671,1556.3520331187967,0.9824445247650146
CAO1034_659,3486.816166140212,1.4493510723114014
CES772_660,2894.2196724872047,1.4946763515472412
CFE04D_103,161.19602728443004,0.7753698825836182
CFE19F_100,163.89331460916296,0.7197935581207275
CFE60M_101,162.13251928622972,0.753040075302124
CFE6CR_095,170.20792313613433,0.7953212261199951
CFE88C_088,186.26194385411554,0.7027108669281006
CFE93PN_085,177.6587730246432,0.7753984928131104
CFE96A_102,164.00715110778506,0.6777622699737549
CKK206_661,2897.592489873895,1.442335844039917
CLF738_099,470.9079007625258,0.7864289283752441
CLX492U_634,215.53967057808853,0.7583234310150146
CLX68K_635,203.78554479590179,0.7069807052612305
CND411_348,1326.683173102264,1.166722059249878
CND413_437,1353.9811034480213,0.9849140644073486
CND415_373,1280.296890612585,1.0088183879852295
CND417_374,1195.6193402968881,0.859827995300293
CND423_349,1367.0009920478,0.974492073059082
CPA270_663,1756.9907540867855,1.1748909950256348
CPA270_664,245.5442543723969,0.8063092231750488
CSG2578_658,2920.9689752782665,1.4591047763824463
CSN496_662,2909.0676166175826,1.4434196949005127
CTN4AS_640,585.3300206029393,0.8750946521759033
DAL133_683,3516.2544000857692,1.6482360363006592
DAL135_699,3427.5078386508426,1.8646948337554932
DAL137_707,3441.050662424979,1.8580822944641113
DAL143_708,632.9774230647731,0.7971420288085938
DAL143_709,871.384627383846,0.8927137851715088
DAL145_694,647.5765030361474,0.7815253734588623
DAL145_695,845.9813054812776,0.7566046714782715
DAL161_706,3651.1966140194822,1.9023101329803467
DAL163_705,654.1086083035956,0.8191099166870117
DAL165_702,660.2078528963963,0.9120757579803467
DAL165_703,772.0728287726165,0.8981869220733643
DAL179_696,606.468813074652,0.784081220626831
DAL179_697,921.5101497394203,1.0357551574707031
DAL257_701,3057.354815837442,1.4807953834533691
DAL259_710,3039.5059325604384,1.6589484214782715
DAL47_676,3192.972791344959,1.7506647109985352
DAL49_677,3186.2190620825795,1.6206834316253662
DAL57_678,615.0616455823339,0.9354057312011719
DAL57_679,1056.0598921699248,0.9177563190460205
DAL71_698,3869.095312916636,1.8234505653381348
DAL73_693,3877.8139301524834,1.8647313117980957
DAL75_685,3878.272223025482,1.890289545059204
DITRA_066,529.549913961812,0.7805333137512207
DLH1A_060,240.38385473902665,0.7725944519042969
DLH2A_049,253.5574117439824,0.8032681941986084
DLH3A_061,259.0741234097116,0.7776148319244385
DLH4A_062,215.73801247562454,0.6907694339752197
DLH5NL_053,343.72155788702446,0.766963005065918
DLH6KA_059,359.3585065989567,0.7609992027282715
DLH6LT_050,335.9166463583175,0.6765286922454834
DLH6RX_052,361.31934248590034,0.7428479194641113
DLH7A_058,245.41956593806503,0.6523871421813965
DLH8PJ_051,365.4330666438566,0.7485337257385254
EFW2763_094,235.31329264496358,0.7258942127227783
EFW2827_096,223.48118403518112,0.7632617950439453
EFW2NL_072,222.31769681582838,0.6778078079223633
EIN603_612,415.89184898817257,0.7278244495391846
EIN605P_610,418.48053399580164,0.8417432308197021
EIN60Y_619,441.3564795123123,0.7461590766906738
EIN611_621,429.67944618844587,0.9388823509216309
EIN84T_611,496.1839097499401,0.7668027877807617
EJU13DM_107,227.37535054221928,0.8082218170166016
EJU16UG_119,294.51112481186004,0.7136480808258057
EJU19CU_112,333.506927943086,0.6744263172149658
EJU35KG_116,1032.4023035444347,1.0903997421264648
EJU36MD_120,530.5262738733855,0.7738945484161377
EJU36PR_129,475.4595992460067,0.7073493003845215
EJU4082_121,519.7961078429219,0.8901541233062744
EJU4233_145,823.8412849740527,0.8947398662567139
EJU42KR_111,329.8605266135816,0.7644929885864258
EJU42MG_130,418.4520790522428,0.895249605178833
EJU43MQ_131,796.1819322172622,0.8359067440032959
EJU43NJ_137,293.0773725106811,0.8106498718261719
EJU45GK_122,468.7527122247388,0.7675533294677734
EJU49EU_117,265.42419757766123,0.7834312915802002
EJU52FQ_146,568.746879979806,0.8172552585601807
EJU54PK_138,480.95033449265134,0.793968915939331
EJU56PZ_118,181.58133667384416,0.7748558521270752
EJU57QZ_108,355.8114601133947,0.7575888633728027
EJU59PU_132,273.43537409609587,0.7362782955169678
EJU59TL_133,777.2349639123621,0.8933990001678467
EJU62MN_123,326.2349010621814,0.7599036693572998
EJU71DF_113,762.8507332928309,0.8978888988494873
EJU73AX_126,1853.4638601225017,1.1628921031951904
EJU74RM_142,520.6541811036927,0.755817174911499
EJU78VA_109,183.6741834672777,0.6714251041412354
EJU7937_139,347.73803759159114,0.7681682109832764
EJU7939_134,359.4342258886114,0.7532851696014404
EJU83BU_110,246.9061293574603,0.7308871746063232
EJU87AT_140,384.6634545959921,0.7819929122924805
EJU87FC_143,399.80531113493157,0.7842347621917725
EJU92FJ_135,633.3648632970911,0.7877614498138428
EJU93XH_115,479.78087016047994,0.8016059398651123
EJU94FD_114,474.32607209447167,0.7100043296813965
EJU96NB_141,423.9660343529325,0.7317302227020264
EJU96RZ_144,708.2240693507495,0.8877012729644775
ELY238_656,1752.870189202609,1.1417136192321777
ELY338_655,1785.3426287260781,1.1758763790130615
ETD19C_670,1081.8620719545952,0.9212605953216553
EWG1VP_057,205.37784745323683,0.7911310195922852
EWG2C_056,307.2925794697858,0.6526744365692139
EZS16ZQ_592,345.94098519121866,0.7151894569396973
EZS24YJ_594,414.3637608227768,0.785376787185669
EZS79LQ_593,340.944437685596,0.772740364074707
EZY12FL_077,203.76036351710454,0.7596457004547119
EZY15VR_098,210.8414239955384,0.7306492328643799
EZY16CX_078,207.6234203042363,0.7578458786010742
EZY16QA_082,291.8658630234996,0.7696926593780518
EZY23GM_087,374.26280824109153,0.751187801361084
EZY2926_091,290.66693874253474,0.7686965465545654
EZY42BT_083,285.5887855155805,0.8037879467010498
EZY49JD_073,257.8281169028627,0.7530121803283691
EZY61JA_081,288.13679236626797,0.7468900680541992
EZY64GX_090,414.31687006402285,0.7847697734832764
EZY67MT_075,204.05683367218302,0.7739160060882568
EZY68LB_079,283.6626300346194,0.8207194805145264
EZY71WU_074,259.7667007175289,0.8042325973510742
EZY76LB_086,220.38171185082805,0.7743563652038574
EZY81AM_076,209.95462848663848,0.6972126960754395
EZY82DW_097,198.73493460147364,0.7078351974487305
EZY84CM_080,285.8255546275436,0.8070969581604004
EZY86UK_084,206.3013014417662,0.6826121807098389
EZY92BD_089,276.97867472820286,0.7557752132415771
FDX6335_711,260.979261924458,0.7970573902130127
FIN2EG_152,819.1097643648004,0.7596750259399414
FIN9AD_153,835.0424824276495,0.8645594120025635
GAC252M_124,579.2079047864713,0.8533375263214111
GAC422F_125,253.10858156466125,0.6946828365325928
IBS3723_008,853.3299541746491,0.9494566917419434
IBS3725_011,871.2451636422226,0.8787887096405029
ICE501_632,575.6902297712345,0.7721114158630371
ICE7EZ_633,1079.1449927594938,0.9329822063446045
ITY107_627,712.6784101628377,0.8011138439178467
ITY109_628,733.6141577769212,0.8862285614013672
ITY113_620,443.3568863910419,0.7855782508850098
ITY119_622,483.61334647779444,0.7425942420959473
ITY121_617,475.38752096327613,0.7700033187866211
KAC128_652,2408.6879551334982,1.3327176570892334
KAL510_654,153.38337826865285,0.6774754524230957
KLM1007_246,269.08543524877115,0.6756947040557861
KLM1033_345,216.8998435017554,0.7936959266662598
KLM1049_288,292.73058262447023,0.8045454025268555
KLM1057_393,301.458528967595,0.767650842666626
KLM1075_308,286.85054975500265,0.6702063083648682
KLM1087_381,505.8768464389062,0.7972407341003418
KLM1089_498,507.4637299179223,0.7763562202453613
KLM109_544,604.3000505292149,0.7974629402160645
KLM109_545,1357.743044955893,1.0056638717651367
KLM1115_321,627.0687105506377,0.8274269104003906
KLM1135_495,325.54734903154394,0.791496992111206
KLM1141_397,498.73225709117355,0.7890195846557617
KLM1149_465,493.5090185975035,0.7502851486206055
KLM115_482,4473.7765175385575,2.0678212642669678
KLM1167_514,825.9911464062837,0.8643226623535156
KLM1177_370,692.3592326254665,0.843571662902832
KLM1181_401,489.91877655524894,0.8013076782226562
KLM1183_487,487.75535770905424,0.9115121364593506
KLM1197_041,380.28127585744767,0.7866740226745605
KLM119_272,1017.3403287330121,0.8645365238189697
KLM119_273,196.10062101595088,0.7321362495422363
KLM11B_209,347.3527522019271,0.6548058986663818
KLM11G_359,15594.38956000855,0.7933785915374756
KLM11P_205,246.34726577846806,0.693091630935669
KLM11S_250,801.7159825191411,0.8966944217681885
KLM1203_389,398.43421037283315,0.7707629203796387
KLM1207_453,365.9572623225594,0.7210605144500732
KLM1253_176,583.5325408351672,0.8012025356292725
KLM1255_496,386.374995462073,0.7290036678314209
KLM1261_426,510.7445977150263,0.7353038787841797
KLM1281_157,384.5030412468243,0.751317024230957
KLM1293_192,357.52663954358496,0.7546005249023438
KLM129_237,955.1003394359931,0.8387658596038818
KLM1333_466,317.1349243855882,0.7917008399963379
KLM1337_289,312.3910739320104,0.7438497543334961
KLM1353_433,389.30136642634966,0.7212138175964355
KLM1367_366,604.5596984499832,0.754669189453125
KLM1375_247,965.4082217188026,0.9905204772949219
KLM13E_188,359.59841079321654,0.768195390701294
KLM13L_312,617.1167828804836,0.7567305564880371
KLM13N_483,307.86992547235553,0.7485353946685791
KLM1417_193,440.4952977585688,0.7514636516571045
KLM1425_290,273.3084720853279,0.6795945167541504
KLM1433_472,247.58446610220454,0.7180936336517334
KLM1445_371,376.16737864675787,0.7769954204559326
KLM1451_367,359.59248795077804,0.7864151000976562
KLM1455_284,420.77640392428634,0.7922065258026123
KLM1461_283,416.71569698651956,0.808739185333252
KLM1473_313,375.5357750080831,0.791250467300415
KLM1501_304,762.9634308563673,0.8997113704681396
KLM1519_488,126.32534194657397,0.7116482257843018
KLM1523_489,102.70605486188884,0.7225470542907715
KLM1533_480,267.00886220307484,0.7590746879577637
KLM1539_455,244.5410717786688,0.6900417804718018
KLM1555_497,506.1753512153509,0.8990061283111572
KLM1595_491,552.3193782408752,0.7863578796386719
KLM15E_549,329.4680862180542,0.8120613098144531
KLM15P_261,250.61743158420614,0.7885382175445557
KLM15S_468,254.43367847377806,0.7855801582336426
KLM1613_346,1202.5860323256009,0.8464438915252686
KLM1651_322,523.5053082682153,0.8101241588592529
KLM1655_173,532.7438102822813,0.805689811706543
KLM166_541,46.28995530393225,0.7088479995727539
KLM1677_292,1033.5340977733044,1.0423643589019775
KLM1697_262,1018.3505732688977,0.947826623916626
KLM1711_343,891.2162502026314,0.9507052898406982
KLM1721_285,98.98787821319908,0.768932580947876
KLM1741_484,184.75665428160215,0.6499907970428467
KLM1749_334,157.24030410502294,0.8258886337280273
KLM1755_434,169.87396787057583,0.7890951633453369
KLM1769_485,194.66781031596662,0.7718358039855957
KLM1799_550,359.08322848142825,0.7880551815032959
KLM17C_239,612.5814263766248,0.8727004528045654
KLM17G_339,336.49365661857536,0.7642538547515869
KLM1819_459,329.0624323743635,0.8210649490356445
KLM1839_511,574.5508082275543,0.7662262916564941
KLM1847_253,554.2123979646815,0.7984235286712646
KLM1853_473,97.48651189810258,0.6413187980651855
KLM1867_476,298.94285592894687,0.8039777278900146
KLM1873_045,281.83060550716607,0.7904829978942871
KLM1885_499,308.31410597137483,0.666593074798584
KLM1905_559,752.032228863553,0.8638675212860107
KLM1909_460,192.38628221862362,0.7331342697143555
KLM1917_416,532.8996211705968,0.8686978816986084
KLM1963_461,354.58725369171964,0.713517427444458
KLM1979_456,647.9194710299748,0.8071386814117432
KLM1981_170,644.6326310783046,0.7504594326019287
KLM1989_398,327.15796191497304,0.6793413162231445
KLM1993_562,593.2424682637597,0.8819029331207275
KLM1999_546,584.1019023067647,0.7985472679138184
KLM19B_179,323.30845883776016,0.7540373802185059
KLM19J_256,502.0184402656628,0.8200128078460693
KLM19K_195,628.3249157300825,0.7503783702850342
KLM19P_263,241.96643140019563,0.6679489612579346
KLM19U_180,707.7831381307628,0.8458113670349121
KLM207_409,3168.235509511098,1.5509684085845947
KLM219_542,620.5101136122782,0.7547523975372314
KLM219_543,548.9429274960443,0.7681350708007812
KLM21E_202,632.3737589187001,0.7246167659759521
KLM21F_335,377.25988057288976,0.7900259494781494
KLM21G_042,104.68298743448359,0.6728153228759766
KLM21H_286,242.30424053993002,0.6604208946228027
KLM21Q_490,438.83830538730575,0.7511780261993408
KLM21V_043,85.38400547172998,0.704423189163208
KLM23C_185,625.4133133964268,0.78475022315979
KLM23D_362,514.0087367103542,0.8684978485107422
KLM23F_293,662.6582436924417,0.8693926334381104
KLM23P_254,250.46729906318222,0.7688643932342529
KLM23W_342,484.1331136417869,0.7740354537963867
KLM25B_251,333.90518216877405,0.7608733177185059
KLM25F_212,538.8601320108967,0.7280960083007812
KLM25J_457,138.4661217917863,0.7684128284454346
KLM25P_189,241.3908468382243,0.6871581077575684
KLM25Q_552,441.51890286275085,0.7771496772766113
KLM25X_330,118.08439328442769,0.725947380065918
KLM275_243,3352.097562370908,1.6786751747131348
KLM27G_500,185.28029646590855,0.7700374126434326
KLM27H_449,318.02771403381126,0.7735350131988525
KLM27Y_390,318.0218701199925,0.7755148410797119
KLM29N_509,1016.9085048608351,1.0662219524383545
KLM29T_046,280.6260275686946,0.8098347187042236
KLM29U_164,518.7441436725455,0.7715854644775391
KLM29W_171,308.61402292342825,0.7740201950073242
KLM30Y_462,346.80192593521184,0.684053897857666
KLM31A_158,248.5806406414184,0.7484340667724609
KLM31B_363,471.98160104291304,0.7337605953216553
KLM31F_502,239.49810334448068,0.7640793323516846
KLM31K_430,174.8133483081764,0.7814419269561768
KLM31N_547,513.2556098428472,0.7571582794189453
KLM31W_309,218.50278855014636,0.7816998958587646
KLM31_232,3263.2282428714434,1.6681818962097168
KLM32N_206,213.46983714088583,0.6929945945739746
KLM33G_305,360.43712256682267,0.7365853786468506
KLM33J_248,453.8323350670457,0.7654225826263428
KLM33N_314,248.58817517728508,0.7012522220611572
KLM33Q_435,162.83401710190952,0.6962590217590332
KLM33Y_177,453.34079618425693,0.7523407936096191
KLM34G_340,965.2178695206818,0.8292467594146729
KLM35B_203,634.5950812995765,0.865501880645752
KLM35E_186,825.8061700818803,0.8579003810882568
KLM35F_512,1195.2969982332302,0.8849406242370605
KLM35N_355,290.9265374720137,0.7991428375244141
KLM35Q_161,352.03949101484716,0.7775578498840332
KLM35T_548,499.310634133221,0.7947144508361816
KLM37A_182,415.53735915924443,0.7447128295898438
KLM37E_377,333.6062151062496,0.8162257671356201
KLM37J_259,695.650867761749,0.8737754821777344
KLM37L_162,529.726405652803,0.7524850368499756
KLM37P_252,246.2233574513462,0.7536890506744385
KLM39H_299,762.0561362367189,0.7835614681243896
KLM39L_450,331.1523357634452,0.7145414352416992
KLM39S_510,524.3720826101594,0.7616891860961914
KLM39T_044,397.2848730366101,0.7489991188049316
KLM39V_517,620.558973978306,0.7275874614715576
KLM39Y_294,420.8036973161941,0.7598645687103271
KLM39Z_323,617.073630028613,0.8304522037506104
KLM41H_431,568.5725789788688,0.8746044635772705
KLM41K_399,13378.810871606107,1.025019884109497
KLM41L_375,724.2671781109141,0.9128580093383789
KLM41M_360,196.70765655910438,0.7251129150390625
KLM41R_257,277.1164241846666,0.755847692489624
KLM41T_364,244.86387012625215,0.7569169998168945
KLM425_404,2576.6423466945125,1.5876574516296387
KLM427_229,2890.2309802806612,1.4942452907562256
KLM43Q_336,384.50634630948707,0.7678937911987305
KLM43X_163,622.7154925709832,0.9024345874786377
KLM43Y_240,893.604082894499,0.9382646083831787
KLM43Z_275,390.05473919711255,0.8009042739868164
KLM445_242,2547.429924732025,1.3180248737335205
KLM44Q_204,1170.5303211247265,1.054807424545288
KLM45D_563,350.39764459475504,0.792088508605957
KLM45F_474,247.1460139115408,0.7532684803009033
KLM45N_492,535.182179006574,0.8357436656951904
KLM461_221,1778.0846286470987,1.1322319507598877
KLM461_224,265.65658919374533,0.6618738174438477
KLM47F_331,168.76225362740792,0.8038380146026611
KLM47W_279,300.8658980461273,0.7437233924865723
KLM47X_368,338.50098117701873,0.8283143043518066
KLM47Y_047,298.23628820852934,0.7357161045074463
KLM49C_276,349.8454034042463,0.7280130386352539
KLM49J_207,397.82109058176263,0.819756031036377
KLM49K_493,159.16403321335403,0.676246166229248
KLM49W_565,413.9352463598072,0.7787215709686279
KLM50A_174,696.2476571374813,0.7810616493225098
KLM515_531,1429.3133868965808,0.954495906829834
KLM51K_394,567.169842721244,0.7914693355560303
KLM51T_258,324.1712150219128,0.807344913482666
KLM51Y_557,433.09754705199066,0.7244918346405029
KLM51Z_503,462.69822519971746,0.7806031703948975
KLM52Y_427,115.80229333675382,0.75669264793396
KLM53C_400,403.2366131414283,0.7771270275115967
KLM53D_515,413.32511549115804,0.7670490741729736
KLM53L_172,601.2776394384958,0.8504018783569336
KLM53M_268,427.60908772624,0.7590100765228271
KLM55C_200,389.2848893799194,0.7690975666046143
KLM55E_280,476.34071124561984,0.9140923023223877
KLM55G_451,482.4404163481324,0.7718501091003418
KLM55X_310,509.1256748982234,0.8049545288085938
KLM565_533,1427.3633742285192,0.9820692539215088
KLM573_354,1411.3243696200336,1.03004789352417
KLM57A_344,218.753154852464,0.7656712532043457
KLM57C_269,346.5946004981607,0.6966822147369385
KLM57N_187,721.5895595645079,0.8689539432525635
KLM57V_295,552.6306633355941,0.7603194713592529
KLM589_378,1150.2583322278088,0.8525099754333496
KLM591_414,956.6137916375023,0.8771889209747314
KLM591_415,48.353170602959125,0.6945545673370361
KLM59D_469,290.13517540318236,0.7181751728057861
KLM59E_213,819.717797681281,0.8620929718017578
KLM59K_300,600.2421299109188,0.736504316329956
KLM59M_296,160.560053724577,0.6941726207733154
KLM59W_265,290.88481677426313,0.6514472961425781
KLM601_528,644.1799119041838,0.8170046806335449
KLM601_529,1458.9036793562466,1.0293707847595215
KLM609_441,186.11835373340446,0.6743307113647461
KLM611_532,3653.3552219583726,1.8309569358825684
KLM61A_201,96.54452333403925,0.6912541389465332
KLM61C_190,231.8475446630795,0.7886085510253906
KLM61Q_165,624.4285717305578,0.8860015869140625
KLM61S_554,211.61798800878657,0.6896660327911377
KLM61Y_382,373.1501388213096,0.7672812938690186
KLM61Z_241,817.1534119811656,0.8867020606994629
KLM635_534,622.4289775947427,0.7669079303741455
KLM635_535,1251.8096423169081,0.8797492980957031
KLM63G_560,493.49878411277666,0.8472323417663574
KLM63J_384,213.92697693266516,0.793109655380249
KLM63M_383,702.3219977399757,0.8583452701568604
KLM63Y_356,248.73235328038263,0.7225806713104248
KLM641_228,3168.3004614740435,1.6509833335876465
KLM643_536,3177.808803793198,1.4623801708221436
KLM65B_337,170.44121236701255,0.6885604858398438
KLM65G_561,355.09867351100775,0.8024792671203613
KLM65H_266,672.3701057437028,0.8929760456085205
KLM65J_301,570.2689796387195,0.7811172008514404
KLM65N_436,420.92851721984005,0.7556455135345459
KLM65X_452,427.7173836211835,0.7561476230621338
KLM661_352,4420.819279934183,2.2881076335906982
KLM671_353,2961.0153809001667,1.5163838863372803
KLM675_244,626.8007190356285,0.8282554149627686
KLM675_245,265.09049224076915,0.7780745029449463
KLM677_230,606.700134484342,0.7813386917114258
KLM677_231,486.47608291325906,0.7499418258666992
KLM67F_391,257.6219211237113,0.6472806930541992
KLM67K_432,395.71502328519006,0.7173182964324951
KLM67R_255,661.6316684867353,0.863440990447998
KLM67S_281,296.90671296373694,0.7366881370544434
KLM67U_297,167.95544884189601,0.6523909568786621
KLM685_481,5057.5600327838065,2.486881971359253
KLM695_537,3241.4749950012792,1.6449499130249023
KLM69E_208,419.4319767381738,0.8282685279846191
KLM69H_555,333.23093349546843,0.8090698719024658
KLM701_440,1427.3177867569507,1.050776481628418
KLM705_438,1685.3665533728274,1.06850266456604
KLM705_439,977.691477286995,0.8551428318023682
KLM70F_553,639.1077866701087,0.9154706001281738
KLM713_329,616.1324991502051,0.8024051189422607
KLM71B_315,281.91172096763955,0.7669503688812256
KLM71F_376,1020.3852480594911,0.920419454574585
KLM71Q_324,355.1064940709386,0.7842330932617188
KLM71R_287,687.5256604940779,0.8838422298431396
KLM71W_566,459.4928332582657,0.7494029998779297
KLM73D_026,817.8944614372353,0.8828976154327393
KLM73E_306,234.86102139147596,0.7193112373352051
KLM73J_395,241.36764641694467,0.7534685134887695
KLM73W_513,397.58068020618623,0.7260265350341797
KLM743_539,616.7441912839894,0.7489819526672363
KLM743_540,1952.378368205767,1.1526727676391602
KLM749_410,650.8234357751552,0.8968257904052734
KLM749_411,626.1867174936593,0.8956389427185059
KLM751_226,727.4719365383228,0.8766334056854248
KLM751_227,1466.8915693423558,1.009366750717163
KLM757_327,656.59042571259,0.8078536987304688
KLM757_328,1018.1707085907565,0.8657195568084717
KLM75C_518,1037.1499128036796,1.0312812328338623
KLM75K_196,702.1935290917567,0.7772502899169922
KLM75U_027,808.4008791787703,0.9094665050506592
KLM75V_558,623.6257693490028,0.8037674427032471
KLM765_235,677.4753280601973,0.8682255744934082
KLM765_236,87.29285648887748,0.7773611545562744
KLM77A_181,820.7183175041131,0.9208626747131348
KLM77C_501,186.24889273439413,0.721142053604126
KLM77D_470,504.57822722971883,0.7298445701599121
KLM77G_332,580.9856188087214,0.7849676609039307
KLM77H_048,341.3637803097749,0.70918869972229
KLM77M_159,259.90074181835735,0.6757187843322754
KLM791_271,5306.328165505802,2.6253538131713867
KLM79F_183,250.88165487068292,0.7171351909637451
KLM79G_516,955.1520465934623,0.8572537899017334
KLM79M_347,341.70684559454895,0.7296895980834961
KLM79Q_307,398.21515639288447,0.734886646270752
KLM805_223,1916.0358305732955,0.9505422115325928
KLM81K_184,693.3479227462492,0.8149795532226562
KLM81N_160,322.7405575904503,0.7463996410369873
KLM81P_341,236.4933625384623,0.7166931629180908
KLM81Z_475,589.6108992757245,0.7486677169799805
KLM835_413,2140.2366199510134,1.1170830726623535
KLM83F_264,251.2068082066743,0.7120213508605957
KLM83H_392,610.9498890727889,0.6913321018218994
KLM83Z_361,440.6103992693541,0.7122387886047363
KLM845_238,59.01273509608927,0.6313557624816895
KLM85A_194,233.10699059473185,0.6999139785766602
KLM85B_477,186.84148304326993,0.6902289390563965
KLM85G_325,353.8983520230622,0.648221492767334
KLM85R_166,605.9827750273521,0.7665226459503174
KLM85Z_402,161.55633848037724,0.6286687850952148
KLM871_530,3594.0066426409912,1.575740098953247
KLM875_326,299.16602901829356,0.7638905048370361
KLM877_234,3003.3071571921996,1.283207893371582
KLM879_412,4436.368769136279,1.7688767910003662
KLM87B_403,218.92422360231396,0.643406867980957
KLM87X_417,414.8820299342024,0.7298018932342529
KLM87Y_178,918.266128256428,0.8208367824554443
KLM895_225,1822.732562470443,1.0541253089904785
KLM897_233,1807.1751399120737,0.8386144638061523
KLM89C_260,353.1523508217547,0.6920409202575684
KLM89F_486,328.4523645992794,0.6625592708587646
KLM89L_365,309.3655222562898,0.6897580623626709
KLM89S_504,300.4050636967005,0.7006165981292725
KLM90C_478,160.11099423072793,0.6893699169158936
KLM915_467,257.7730716732084,0.7340331077575684
KLM91D_505,497.5969692145743,0.955352783203125
KLM91J_428,296.34235317546165,0.7115378379821777
KLM91L_429,102.70125935646763,0.7217345237731934
KLM91Z_418,106.2641315796009,0.6381230354309082
KLM927_357,518.3781585989016,0.7024366855621338
KLM931_471,419.34217225640543,0.6999118328094482
KLM933_369,490.97014442590233,0.7402608394622803
KLM937_291,422.66159938494934,0.7044909000396729
KLM93C_564,538.6072832315745,0.7683444023132324
KLM93H_458,342.16838385088414,0.7063274383544922
KLM93K_567,214.7754448940618,0.7090160846710205
KLM93Q_519,714.2379171374022,0.7705581188201904
KLM93R_214,494.74165016480043,0.7316360473632812
KLM941_333,473.29785868731284,0.7255933284759521
KLM959_494,311.99400617065453,0.6226210594177246
KLM95A_556,428.55512280353616,0.7471168041229248
KLM95E_277,332.18086973275433,0.6829478740692139
KLM95L_270,473.32640109031234,0.7067537307739258
KLM95Y_267,355.39889620087007,0.7315528392791748
KLM965_191,307.54177361248173,0.6431124210357666
KLM97A_385,244.73737902703323,0.7264628410339355
KLM97C_175,703.583071347054,0.7785329818725586
KLM97K_358,459.28640002148796,0.7252111434936523
KLM97N_479,351.2396291311167,0.6698722839355469
KLM97Q_302,827.2494427680684,0.7703509330749512
KLM97S_303,729.5895072214036,0.7786860466003418
KLM987_311,164.02733251594546,0.7419741153717041
KLM991_282,163.8388458224922,0.7005000114440918
KLM9957_454,605.0981828313662,0.6946630477905273
KLM997_396,186.93090623190722,0.6898255348205566
KLM99U_372,401.9671769742099,0.709108829498291
KLM99X_298,219.6075218798433,0.7447996139526367
KLM99Y_551,532.7321879365489,0.6943614482879639
KZR904_613,1844.7562986668688,1.0283372402191162
LCO1504_714,202.52216341586558,0.6492180824279785
LOT266_569,623.9153979993351,0.7449305057525635
LOT2HZ_568,615.8064255139881,0.671633243560791
LOT2WG_570,607.4504030479488,0.7154591083526611
LOT7LA_571,596.6573149466543,0.7099430561065674
LZB462_151,1000.4518604037494,0.9074673652648926
MAC122_001,1065.8616908754811,0.9596357345581055
MAC126Q_002,1133.826756475699,0.9027676582336426
MNB9406_600,1232.2299108405741,0.8725249767303467
MPH6141_680,706.6892100855707,0.7906851768493652
MPH6141_681,258.17730694383914,0.7127151489257812
MPH8141_222,1.7873865359222167,0.6827998161315918
MSR758_000,1427.126010957975,0.9087164402008057
N502P_682,3642.8539200138703,1.5227289199829102
N562QS_684,187.87062471884082,0.7124643325805664
N600EB_686,209.66800912695527,0.6232974529266357
N625QS_687,653.3124791525229,0.8125228881835938
NCA051_665,481.4570160555871,0.7197036743164062
NCR883_688,1832.8568536018915,0.8754587173461914
NCR883_689,243.37721004620283,0.7133805751800537
NJE168N_572,832.7120319248418,0.682945728302002
NJE258Q_574,441.4344343004784,0.734851598739624
NJE340N_575,681.9515433429377,0.799389123916626
NJE647T_576,888.6280032655641,0.7897579669952393
NJE988E_573,863.9611454628201,0.8077311515808105
NOZ9JL_155,497.22540916686546,0.6764647960662842
NSZ2YW_584,611.8067171655315,0.7591774463653564
NSZ3539_586,338.7079942332412,0.7094974517822266
NSZ541B_587,324.1527426014859,0.6771116256713867
OELSI_127,375.153132916487,0.7156758308410645
OELSI_128,851.4674331399085,0.6980299949645996
OOXLS_149,33.00996791996466,0.6703593730926514
PAV201_065,305.91585436855456,0.6905927658081055
PGT41VT_603,1254.7704658616046,0.8441379070281982
PGT51TK_602,1245.6423376889138,0.9032371044158936
PGT92QY_601,1252.0725805673906,0.7833590507507324
PGT9G_649,1368.350648973363,0.8676109313964844
PHTXA_274,156.18169159819686,0.6764650344848633
PHZBZ_538,273.88460570515724,0.715968132019043
PTN919_063,202.9042374203316,0.6534328460693359
QTR33J_006,419.10207410027846,0.710181474685669
QTR34Q_003,2698.862048690848,1.2645208835601807
QTR42M_004,2709.6456519771714,1.2773797512054443
QTR79J_005,1150.0045950727533,0.8784220218658447
QTR8156_007,2703.6005705414154,1.236649990081787
ROT362K_580,964.6332823212431,0.7938985824584961
ROT364Z_581,967.400113645882,0.771028995513916
RYR61TC_616,424.69091944730496,0.7336382865905762
RYR6UQ_629,422.151041317015,0.730255126953125
RYR7BW_618,407.7175002809578,0.7071280479431152
RYR96AY_630,419.45253825872703,0.7096962928771973
SAS1556_643,618.1646168955976,0.7613873481750488
SAS48D_631,330.39304217712146,0.7021369934082031
SAS548_625,344.9729462845418,0.6921284198760986
SAS550_623,342.18558165124097,0.7081935405731201
SAS554_585,335.8307929735054,0.7152185440063477
SAS556_614,643.3236243865134,0.6643075942993164
SAS62L_615,337.8395354699291,0.6940436363220215
SAS80M_156,496.14975416876507,0.7017240524291992
SAS822_626,503.42540509180833,0.7408347129821777
SCR378_064,252.90621756972752,0.7017123699188232
SERMB_582,158.6768065609732,0.698577880859375
SERMB_583,872.1339817202908,0.7904148101806641
SIA323_657,5915.40390336915,2.3525421619415283
SVA216_653,1396.2997503181703,0.9458613395690918
SWR60C_588,340.57719600255393,0.6824111938476562
SWR70T_591,362.800192109433,0.7339012622833252
SWR737_589,344.37155565466145,0.7396821975708008
SWR7KN_590,360.37219423125873,0.7217214107513428
SXS4UB_606,1235.7278493805054,0.836561918258667
SXS7CU_605,1315.8342642135633,0.8713557720184326
SXS8PT_604,1385.089578555481,1.0089654922485352
TAP669A_578,1037.9027029993563,0.9869234561920166
TAP671_577,1023.9224951839425,0.8553116321563721
TAP673U_579,992.4788352651053,0.8035380840301514
TFL109_527,1336.6241020550494,0.8486459255218506
TFL181_521,1350.1973704008205,0.8865385055541992
TFL19B_522,1707.5463231924941,1.0583932399749756
TFL225_388,4632.919436937983,2.4808714389801025
TFL233_524,1043.5759589073687,0.8088839054107666
TFL361_386,631.7058892869322,0.7975974082946777
TFL361_387,165.85788224679806,0.7280251979827881
TFL377_147,628.0750833474532,0.7923183441162109
TFL377_148,172.04345341399923,0.6438989639282227
TFL5GY_525,785.6554141782633,0.8085474967956543
TFL5HE_520,1429.1714590407876,0.8830270767211914
TFL665_523,1733.8754905382948,1.081536054611206
TFL6LJ_526,1525.9284576723217,1.044548749923706
TFL9EA_338,1210.7557005104982,0.9512722492218018
THY1VZ_595,33.7203881376895,0.6950974464416504
THY4QF_599,1187.6857312517009,0.8598101139068604
THY4YZ_596,1203.5565926907645,0.7818658351898193
THY52EW_642,1271.4216417348953,0.8943746089935303
THY5WR_597,1211.467141424108,0.9140596389770508
THY6370_598,1214.6267810004338,0.7869174480438232
THY9TF_646,1294.0579667547545,0.9201674461364746
TRA081_405,57.44426198744818,0.6538970470428467
TRA083_650,743.6968020416507,0.7897286415100098
TRA085_648,709.2200518187275,0.8365116119384766
TRA12T_406,1214.1020875344484,0.912196159362793
TRA1445_506,1440.72497278599,1.0680932998657227
TRA16X_421,717.1762453978497,0.8081314563751221
TRA17F_318,879.6312007680394,0.7667784690856934
TRA17T_423,1689.031488355369,1.0268635749816895
TRA17U_249,1031.925125289833,0.8259022235870361
TRA1861_379,1125.4863671811393,0.8726766109466553
TRA215N_507,1013.9964222512482,0.8043742179870605
TRA28X_464,890.5674548978748,0.8323945999145508
TRA2R_638,977.7145247098924,0.8975434303283691
TRA403_350,1410.4078131347292,0.8728733062744141
TRA40B_167,692.7040512159684,0.721738338470459
TRA44P_463,798.7131718354086,0.8330984115600586
TRA463N_639,1268.672444580692,0.9479720592498779
TRA49C_197,887.4599358327083,0.8397595882415771
TRA5043_210,1324.403137763618,0.9039807319641113
TRA5135_316,693.1257130877904,0.8088817596435547
TRA5193_278,317.2164939360973,0.7278428077697754
TRA5313_443,1633.2643938721446,0.8849961757659912
TRA5359_211,1089.565322172472,0.8063826560974121
TRA5471_319,734.8800381272782,0.7080333232879639
TRA55A_380,1006.1190719194623,0.7742695808410645
TRA5695_444,1271.6343970737587,0.9063131809234619
TRA5803_419,1822.0042497805216,1.096329689025879
TRA5953_217,1034.8420708710237,0.8052849769592285
TRA5M_351,1028.060942882757,0.8447964191436768
TRA6003_442,919.2347859363043,0.852975606918335
TRA6119_424,1017.2952598889567,0.9682939052581787
TRA6505_407,1845.9320829892447,1.0704009532928467
TRA6885_445,1081.9205542646587,0.9039757251739502
TRA6F_219,550.7045899493019,0.7054791450500488
TRA71A_168,902.7050502628017,0.8273072242736816
TRA73V_215,1084.9160392656895,0.9598174095153809
TRA74W_422,999.5820634714019,0.810664176940918
TRA75L_198,809.4294889748414,0.7917606830596924
TRA76Y_447,1169.867990446798,0.9496004581451416
TRA78U_446,1316.6529469019245,0.8971288204193115
TRA7F_508,1162.1664062571406,0.9611468315124512
TRA7T_425,1511.6186314589345,1.1355276107788086
TRA81Z_408,848.24074317381,0.8308315277099609
TRA821_448,1348.09034990604,0.8493962287902832
TRA893F_420,1280.9934744025238,0.860748291015625
TRA8P_317,773.2090305679413,0.8050112724304199
TRA8Q_320,881.9380394037844,0.7829234600067139
TRA93R_169,776.7542287667106,0.6985912322998047
TRA951Y_218,1018.8448645947373,0.7859220504760742
TRA95C_199,413.34465026888495,0.7398076057434082
TRA97T_220,838.4554289012694,0.7947356700897217
TRA9K_216,1383.5231739895232,1.0201175212860107
TSC377_713,3242.344680425476,1.4968502521514893
UAE150_668,192.43963165698065,0.7180211544036865
UAE2CY_666,1098.123125265564,0.7718632221221924
UAE31V_669,2892.5587570087123,1.2899267673492432
UAE9RM_667,2853.9686902142425,1.178480863571167
UAL21_690,4424.840895088532,1.861241340637207
UAL71_692,3259.505145858092,1.4294250011444092
UAL908_675,3706.8823478821882,1.5711159706115723
UAL947_691,3386.8674637576323,1.6045660972595215
UAL969_673,605.7075621631728,0.7750439643859863
UAL969_674,1346.7522351969665,0.8845610618591309
VJT449_636,561.8194757222501,0.6987736225128174
VLG15XB_012,1039.7897844129398,0.9490401744842529
VLG2LW_009,874.4550846755308,0.7685816287994385
VLG2NB_017,682.1117697400236,0.792564868927002
VLG3DH_018,1034.253478458553,0.8079361915588379
VLG3UN_016,790.8376283714803,0.8007242679595947
VLG48DA_023,677.3539949473618,0.7941277027130127
VLG4JB_021,801.9501723589265,0.6897232532501221
VLG50SV_019,1024.7034804477164,0.8394677639007568
VLG52EE_025,687.6087788602756,0.7435588836669922
VLG6WF_013,777.3373143242851,0.9708766937255859
VLG6YW_015,888.2241150998018,0.8065502643585205
VLG723T_014,714.817197432651,0.7504937648773193
VLG7YL_024,681.1946454341941,0.7377293109893799
VLG8AU_020,603.49305025356,0.7261772155761719
VLG8KC_028,703.543337423433,0.699354887008667
VLJ111C_036,623.0891847438006,0.8397219181060791
VPC1_651,217.8960757179213,0.6821303367614746
YUPBB_609,173.30217983621318,0.6654205322265625
